label,algorithm,coverage_target,K,F_L,time_s,coverage,precision,iou,tp,fp,fn
diffpoly,diffpoly,nan,25,120,4654.71825504303,0.9828533743679929,0.9881754890043098,0.9714285714285714,8942,107,156
irisnp_cov0.9,irisnp,0.9,6,160,74.9359757900238,0.9719718619476808,1.0,0.9719718619476808,8843,0,255
irisnp_cov0.95,irisnp,0.95,6,160,74.79590892791748,0.9719718619476808,1.0,0.9719718619476808,8843,0,255
irisnp_cov0.99,irisnp,0.99,15,675,244.00362467765808,0.9951637722576391,1.0,0.9951637722576391,9054,0,44
irisnp2_cov0.9,irisnp2,0.9,5,48,8.106980562210083,0.9781270608925039,0.9998876404494382,0.9780195625892956,8899,1,199
irisnp2_cov0.95,irisnp2,0.95,5,48,8.09333086013794,0.9781270608925039,0.9998876404494382,0.9780195625892956,8899,1,199
irisnp2_cov0.99,irisnp2,0.99,9,87,16.57598638534546,0.991756429984612,0.9998891843971631,0.9916474337839323,9023,1,75
iriszo_cov0.9,iriszo,0.9,5,77,15.112691164016724,0.953286436579468,0.9988483243118738,0.9522397891963109,8673,10,425
iriszo_cov0.95,iriszo,0.95,9,156,31.015549421310425,0.9653770059353705,0.9985220554797636,0.9639995609702557,8783,13,315
iriszo_cov0.99,iriszo,0.99,63,1072,175.09447240829468,0.987579687843482,0.9946861507804716,0.982396676142576,8985,48,113
legacy_1_48,legacy,nan,15,675,nan,0.9951637722576391,1.0,0.9951637722576391,9054,0,44
legacy_1_49,legacy,nan,15,675,nan,0.9951637722576391,1.0,0.9951637722576391,9054,0,44
